{
  "determinized-puct-32-w4-v1__flat-mc-16-v1": {
    "cell_deviance": 63.041292490458055,
    "draws": 0,
    "expected_mean_score_a": 0.4519492534104297,
    "expected_score_a": 21.693564163700625,
    "games": 48,
    "mean_score_a": 0.3958333333333333,
    "paired_blocks": {
      "draw_or_mixed": 0,
      "splits": 15,
      "sweeps_a": 2,
      "sweeps_b": 7
    },
    "pearson_residual": -0.8110554918980548,
    "per_seat": {
      "0": {
        "games": 24,
        "mean_score_a": 0.2916666666666667,
        "score_a": 7.0
      },
      "1": {
        "games": 24,
        "mean_score_a": 0.5,
        "score_a": 12.0
      }
    },
    "player_a": "determinized-puct-32-w4-v1",
    "player_b": "flat-mc-16-v1",
    "raw_residual_percentage_points": -5.6115920077096355,
    "score_a": 19.0,
    "wins_a": 19,
    "wins_b": 29
  },
  "determinized-puct-32-w4-v1__flat-mc-4-v1": {
    "cell_deviance": 65.2518033388367,
    "draws": 0,
    "expected_mean_score_a": 0.5159332808501745,
    "expected_score_a": 24.764797480808376,
    "games": 48,
    "mean_score_a": 0.5833333333333334,
    "paired_blocks": {
      "draw_or_mixed": 0,
      "splits": 18,
      "sweeps_a": 5,
      "sweeps_b": 1
    },
    "pearson_residual": 0.9704946824211251,
    "per_seat": {
      "0": {
        "games": 24,
        "mean_score_a": 0.5,
        "score_a": 12.0
      },
      "1": {
        "games": 24,
        "mean_score_a": 0.6666666666666666,
        "score_a": 16.0
      }
    },
    "player_a": "determinized-puct-32-w4-v1",
    "player_b": "flat-mc-4-v1",
    "raw_residual_percentage_points": 6.740005248315884,
    "score_a": 28.0,
    "wins_a": 28,
    "wins_b": 20
  },
  "determinized-puct-32-w4-v1__flat-mc-64-v1": {
    "cell_deviance": 56.56999431085436,
    "draws": 0,
    "expected_mean_score_a": 0.2754864844078649,
    "expected_score_a": 13.223351251577515,
    "games": 48,
    "mean_score_a": 0.2916666666666667,
    "paired_blocks": {
      "draw_or_mixed": 0,
      "splits": 12,
      "sweeps_a": 1,
      "sweeps_b": 11
    },
    "pearson_residual": 0.2583308837049376,
    "per_seat": {
      "0": {
        "games": 24,
        "mean_score_a": 0.20833333333333334,
        "score_a": 5.0
      },
      "1": {
        "games": 24,
        "mean_score_a": 0.375,
        "score_a": 9.0
      }
    },
    "player_a": "determinized-puct-32-w4-v1",
    "player_b": "flat-mc-64-v1",
    "raw_residual_percentage_points": 1.6180182258801763,
    "score_a": 14.0,
    "wins_a": 14,
    "wins_b": 34
  },
  "determinized-puct-32-w4-v1__random-v1": {
    "cell_deviance": 50.96221111247735,
    "draws": 0,
    "expected_mean_score_a": 0.8592665673717524,
    "expected_score_a": 41.244795233844116,
    "games": 48,
    "mean_score_a": 0.7916666666666666,
    "paired_blocks": {
      "draw_or_mixed": 0,
      "splits": 8,
      "sweeps_a": 15,
      "sweeps_b": 1
    },
    "pearson_residual": -1.3694117296335415,
    "per_seat": {
      "0": {
        "games": 24,
        "mean_score_a": 0.75,
        "score_a": 18.0
      },
      "1": {
        "games": 24,
        "mean_score_a": 0.8333333333333334,
        "score_a": 20.0
      }
    },
    "player_a": "determinized-puct-32-w4-v1",
    "player_b": "random-v1",
    "raw_residual_percentage_points": -6.759990070508574,
    "score_a": 38.0,
    "wins_a": 38,
    "wins_b": 10
  },
  "determinized-puct-32-w4-v1__scripted-greedy-v1": {
    "cell_deviance": 54.68444983123555,
    "draws": 0,
    "expected_mean_score_a": 0.6672218295593861,
    "expected_score_a": 32.026647818850535,
    "games": 48,
    "mean_score_a": 0.7083333333333334,
    "paired_blocks": {
      "draw_or_mixed": 0,
      "splits": 14,
      "sweeps_a": 10,
      "sweeps_b": 0
    },
    "pearson_residual": 0.6247215311263211,
    "per_seat": {
      "0": {
        "games": 24,
        "mean_score_a": 0.5833333333333334,
        "score_a": 14.0
      },
      "1": {
        "games": 24,
        "mean_score_a": 0.8333333333333334,
        "score_a": 20.0
      }
    },
    "player_a": "determinized-puct-32-w4-v1",
    "player_b": "scripted-greedy-v1",
    "raw_residual_percentage_points": 4.111150377394719,
    "score_a": 34.0,
    "wins_a": 34,
    "wins_b": 14
  },
  "flat-mc-16-v1__flat-mc-4-v1": {
    "cell_deviance": 63.82552592517467,
    "draws": 0,
    "expected_mean_score_a": 0.5638061897669522,
    "expected_score_a": 27.062697108813705,
    "games": 48,
    "mean_score_a": 0.4791666666666667,
    "paired_blocks": {
      "draw_or_mixed": 0,
      "splits": 17,
      "sweeps_a": 3,
      "sweeps_b": 4
    },
    "pearson_residual": -1.2272957758023326,
    "per_seat": {
      "0": {
        "games": 24,
        "mean_score_a": 0.3333333333333333,
        "score_a": 8.0
      },
      "1": {
        "games": 24,
        "mean_score_a": 0.625,
        "score_a": 15.0
      }
    },
    "player_a": "flat-mc-16-v1",
    "player_b": "flat-mc-4-v1",
    "raw_residual_percentage_points": -8.463952310028551,
    "score_a": 23.0,
    "wins_a": 23,
    "wins_b": 25
  },
  "flat-mc-16-v1__flat-mc-64-v1": {
    "cell_deviance": 69.93169464126093,
    "draws": 0,
    "expected_mean_score_a": 0.31618786214057365,
    "expected_score_a": 15.177017382747536,
    "games": 48,
    "mean_score_a": 0.375,
    "paired_blocks": {
      "draw_or_mixed": 0,
      "splits": 14,
      "sweeps_a": 2,
      "sweeps_b": 8
    },
    "pearson_residual": 0.9047376595667329,
    "per_seat": {
      "0": {
        "games": 24,
        "mean_score_a": 0.4166666666666667,
        "score_a": 10.0
      },
      "1": {
        "games": 24,
        "mean_score_a": 0.3333333333333333,
        "score_a": 8.0
      }
    },
    "player_a": "flat-mc-16-v1",
    "player_b": "flat-mc-64-v1",
    "raw_residual_percentage_points": 5.881213785942633,
    "score_a": 18.0,
    "wins_a": 18,
    "wins_b": 30
  },
  "flat-mc-16-v1__random-v1": {
    "cell_deviance": 26.106323295950226,
    "draws": 0,
    "expected_mean_score_a": 0.8819319490416565,
    "expected_score_a": 42.33273355399951,
    "games": 48,
    "mean_score_a": 0.9375,
    "paired_blocks": {
      "draw_or_mixed": 0,
      "splits": 3,
      "sweeps_a": 21,
      "sweeps_b": 0
    },
    "pearson_residual": 1.2100812469499522,
    "per_seat": {
      "0": {
        "games": 24,
        "mean_score_a": 0.9583333333333334,
        "score_a": 23.0
      },
      "1": {
        "games": 24,
        "mean_score_a": 0.9166666666666666,
        "score_a": 22.0
      }
    },
    "player_a": "flat-mc-16-v1",
    "player_b": "random-v1",
    "raw_residual_percentage_points": 5.556805095834354,
    "score_a": 45.0,
    "wins_a": 45,
    "wins_b": 3
  },
  "flat-mc-16-v1__scripted-greedy-v1": {
    "cell_deviance": 55.27901264147179,
    "draws": 0,
    "expected_mean_score_a": 0.7090635754093563,
    "expected_score_a": 34.0350516196491,
    "games": 48,
    "mean_score_a": 0.625,
    "paired_blocks": {
      "draw_or_mixed": 0,
      "splits": 14,
      "sweeps_a": 8,
      "sweeps_b": 2
    },
    "pearson_residual": -1.321674642174817,
    "per_seat": {
      "0": {
        "games": 24,
        "mean_score_a": 0.375,
        "score_a": 9.0
      },
      "1": {
        "games": 24,
        "mean_score_a": 0.875,
        "score_a": 21.0
      }
    },
    "player_a": "flat-mc-16-v1",
    "player_b": "scripted-greedy-v1",
    "raw_residual_percentage_points": -8.40635754093563,
    "score_a": 30.0,
    "wins_a": 30,
    "wins_b": 18
  },
  "flat-mc-4-v1__flat-mc-64-v1": {
    "cell_deviance": 53.41370144755682,
    "draws": 0,
    "expected_mean_score_a": 0.26271304964832426,
    "expected_score_a": 12.610226383119565,
    "games": 48,
    "mean_score_a": 0.22916666666666666,
    "paired_blocks": {
      "draw_or_mixed": 0,
      "splits": 11,
      "sweeps_a": 0,
      "sweeps_b": 13
    },
    "pearson_residual": -0.5431551857475746,
    "per_seat": {
      "0": {
        "games": 24,
        "mean_score_a": 0.20833333333333334,