{
  "inherited": {
    "labels": 507,
    "source_manifest_sha256": "5b2a7ebbaad10c025597ea5edbeb5ff37cadb5ea0e19a96b1f3ed817f2a03fcb",
    "source_stage_wall_seconds": {
      "arena": 8.142432832857594,
      "dataset": 3.0176780419424176,
      "study": 0.31803220813162625,
      "teacher": 0.6237017919775099,
      "training": 1.006436541909352
    },
    "teacher_dataset_wall_seconds": 1.9688542510848492,
    "teacher_search_seconds": 1.8719471651129425
  },
  "marginal": {
    "arena_wall_seconds": 2059.3640802910086,
    "artifact_bytes_before_manifest": 26269095,
    "evaluation_wall_seconds": 2417.403647125,
    "profile_wall_seconds": 245.78196520893835,
    "training_examples": 47520,
    "training_seconds": 63.66542829037644
  }
}
