{
  "visit_blend_50_50-seed-197": {
    "interpretation": "diagnostic_matrix_efficiency_not_transferable_strength",
    "mean_cpu_seconds_per_decision": 0.043623796222163946,
    "mean_nodes_per_decision": 35.546875,
    "paired_score_uplift": -0.45,
    "paired_score_uplift_per_cpu_second": -10.315470889059592,
    "paired_score_uplift_per_node": -0.01265934065934066,
    "rating_uplift": -541.2478676507997,
    "rating_uplift_per_cpu_second": -12407.170272260895,
    "rating_uplift_per_node": -15.226313639407111
  },
  "visit_blend_50_50-seed-198": {
    "interpretation": "diagnostic_matrix_efficiency_not_transferable_strength",
    "mean_cpu_seconds_per_decision": 0.04739770277956268,
    "mean_nodes_per_decision": 35.515625,
    "paired_score_uplift": -0.39999999999999997,
    "paired_score_uplift_per_cpu_second": -8.439227568903934,
    "paired_score_uplift_per_node": -0.011262648482182138,
    "rating_uplift": -318.2901629607022,
    "rating_uplift_per_cpu_second": -6715.30779542221,
    "rating_uplift_per_node": -8.961975551907146
  },
  "visit_blend_50_50-seed-199": {
    "interpretation": "diagnostic_matrix_efficiency_not_transferable_strength",
    "mean_cpu_seconds_per_decision": 0.04392252991965506,
    "mean_nodes_per_decision": 35.515625,
    "paired_score_uplift": -0.4,
    "paired_score_uplift_per_cpu_second": -9.10694353744415,
    "paired_score_uplift_per_node": -0.011262648482182138,
    "rating_uplift": -430.98857192770686,
    "rating_uplift_per_cpu_second": -9812.471474573284,
    "rating_uplift_per_node": -12.135181963648588
  },
  "visit_teacher_root-seed-197": {
    "interpretation": "diagnostic_matrix_efficiency_not_transferable_strength",
    "mean_cpu_seconds_per_decision": 0.041651730782177765,
    "mean_nodes_per_decision": 35.546875,
    "paired_score_uplift": -0.09999999999999998,
    "paired_score_uplift_per_cpu_second": -2.400860615443829,
    "paired_score_uplift_per_node": -0.0028131868131868127,
    "rating_uplift": -228.20324570810385,
    "rating_uplift_per_cpu_second": -5478.841849370376,
    "rating_uplift_per_node": -6.41978361552468
  },
  "visit_teacher_root-seed-198": {
    "interpretation": "diagnostic_matrix_efficiency_not_transferable_strength",
    "mean_cpu_seconds_per_decision": 0.0455693492986029,
    "mean_nodes_per_decision": 35.515625,
    "paired_score_uplift": -0.44999999999999996,
    "paired_score_uplift_per_cpu_second": -9.87505871657896,
    "paired_score_uplift_per_node": -0.012670479542454904,
    "rating_uplift": -304.56055263976054,
    "rating_uplift_per_cpu_second": -6683.451866825274,
    "rating_uplift_per_node": -8.575396114801881
  },
  "visit_teacher_root-seed-199": {
    "interpretation": "diagnostic_matrix_efficiency_not_transferable_strength",
    "mean_cpu_seconds_per_decision": 0.05310682093841024,
    "mean_nodes_per_decision": 35.515625,
    "paired_score_uplift": -0.35,
    "paired_score_uplift_per_cpu_second": -6.590490521093453,
    "paired_score_uplift_per_node": -0.00985481742190937,
    "rating_uplift": -430.98857192770686,
    "rating_uplift_per_cpu_second": -8115.503137111874,
    "rating_uplift_per_node": -12.135181963648588
  },
  "visit_terminal-seed-197": {
    "interpretation": "diagnostic_matrix_efficiency_not_transferable_strength",
    "mean_cpu_seconds_per_decision": 0.04840853617133689,
    "mean_nodes_per_decision": 35.546875,
    "paired_score_uplift": -0.3,
    "paired_score_uplift_per_cpu_second": -6.197254115228391,
    "paired_score_uplift_per_node": -0.008439560439560439,
    "rating_uplift": -283.0493631408767,
    "rating_uplift_per_cpu_second": -5847.096101791913,
    "rating_uplift_per_node": -7.9627073586884
  },
  "visit_terminal-seed-198": {
    "interpretation": "diagnostic_matrix_efficiency_not_transferable_strength",
    "mean_cpu_seconds_per_decision": 0.04395040594135935,
    "mean_nodes_per_decision": 35.515625,
    "paired_score_uplift": -0.25,
    "paired_score_uplift_per_cpu_second": -5.688229599825801,
    "paired_score_uplift_per_node": -0.007039155301363837,
    "rating_uplift": -304.56055263976054,
    "rating_uplift_per_cpu_second": -6929.6414018591595,
    "rating_uplift_per_node": -8.575396114801881
  },
  "visit_terminal-seed-199": {
    "interpretation": "diagnostic_matrix_efficiency_not_transferable_strength",
    "mean_cpu_seconds_per_decision": 0.04249306572091882,
    "mean_nodes_per_decision": 35.515625,
    "paired_score_uplift": -0.3,
    "paired_score_uplift_per_cpu_second": -7.0599754315281995,
    "paired_score_uplift_per_node": -0.008446986361636603,
    "rating_uplift": -399.86867106404236,
    "rating_uplift_per_cpu_second": -9410.2099784999,
    "rating_uplift_per_node": -11.258950703079064
  }
}
