{
  "flat-mc-16-v1__flat-mc-4-v1": {
    "cell_deviance": 62.99709931651931,
    "draws": 0,
    "expected_mean_score_a": 0.5347893511714311,
    "expected_score_a": 25.669888856228695,
    "games": 48,
    "mean_score_a": 0.4791666666666667,
    "paired_blocks": {
      "draw_or_mixed": 0,
      "splits": 17,
      "sweeps_a": 3,
      "sweeps_b": 4
    },
    "pearson_residual": -0.8139240257742801,
    "per_seat": {
      "0": {
        "games": 24,
        "mean_score_a": 0.3333333333333333,
        "score_a": 8.0
      },
      "1": {
        "games": 24,
        "mean_score_a": 0.625,
        "score_a": 15.0
      }
    },
    "player_a": "flat-mc-16-v1",
    "player_b": "flat-mc-4-v1",
    "raw_residual_percentage_points": -5.562268450476449,
    "score_a": 23.0,
    "wins_a": 23,
    "wins_b": 25
  },
  "flat-mc-16-v1__flat-mc-64-v1": {
    "cell_deviance": 72.1715673265401,
    "draws": 0,
    "expected_mean_score_a": 0.30005934379791815,
    "expected_score_a": 14.40284850230007,
    "games": 48,
    "mean_score_a": 0.375,
    "paired_blocks": {
      "draw_or_mixed": 0,
      "splits": 14,
      "sweeps_a": 2,
      "sweeps_b": 8
    },
    "pearson_residual": 1.1816779672817401,
    "per_seat": {
      "0": {
        "games": 24,
        "mean_score_a": 0.4166666666666667,
        "score_a": 10.0
      },
      "1": {
        "games": 24,
        "mean_score_a": 0.3333333333333333,
        "score_a": 8.0
      }
    },
    "player_a": "flat-mc-16-v1",
    "player_b": "flat-mc-64-v1",
    "raw_residual_percentage_points": 7.494065620208186,
    "score_a": 18.0,
    "wins_a": 18,
    "wins_b": 30
  },
  "flat-mc-16-v1__random-v1": {
    "cell_deviance": 26.228860896778908,
    "draws": 0,
    "expected_mean_score_a": 0.889667391073008,
    "expected_score_a": 42.70403477150438,
    "games": 48,
    "mean_score_a": 0.9375,
    "paired_blocks": {
      "draw_or_mixed": 0,
      "splits": 3,
      "sweeps_a": 21,
      "sweeps_b": 0
    },
    "pearson_residual": 1.076530543181648,
    "per_seat": {
      "0": {
        "games": 24,
        "mean_score_a": 0.9583333333333334,
        "score_a": 23.0
      },
      "1": {
        "games": 24,
        "mean_score_a": 0.9166666666666666,
        "score_a": 22.0
      }
    },
    "player_a": "flat-mc-16-v1",
    "player_b": "random-v1",
    "raw_residual_percentage_points": 4.783260892699204,
    "score_a": 45.0,
    "wins_a": 45,
    "wins_b": 3
  },
  "flat-mc-16-v1__scripted-greedy-v1": {
    "cell_deviance": 53.5455629842335,
    "draws": 0,
    "expected_mean_score_a": 0.6903006113184373,
    "expected_score_a": 33.13442934328499,
    "games": 48,
    "mean_score_a": 0.625,
    "paired_blocks": {
      "draw_or_mixed": 0,
      "splits": 14,
      "sweeps_a": 8,
      "sweeps_b": 2
    },
    "pearson_residual": -1.0215214594083661,
    "per_seat": {
      "0": {
        "games": 24,
        "mean_score_a": 0.375,
        "score_a": 9.0
      },
      "1": {
        "games": 24,
        "mean_score_a": 0.875,
        "score_a": 21.0
      }
    },
    "player_a": "flat-mc-16-v1",
    "player_b": "scripted-greedy-v1",
    "raw_residual_percentage_points": -6.530061131843734,
    "score_a": 30.0,
    "wins_a": 30,
    "wins_b": 18
  },
  "flat-mc-4-v1__flat-mc-64-v1": {
    "cell_deviance": 54.34318403593242,
    "draws": 0,
    "expected_mean_score_a": 0.2709720714229548,
    "expected_score_a": 13.006659428301832,
    "games": 48,
    "mean_score_a": 0.22916666666666666,
    "paired_blocks": {
      "draw_or_mixed": 0,
      "splits": 11,
      "sweeps_a": 0,
      "sweeps_b": 13
    },
    "pearson_residual": -0.6776397256707178,
    "per_seat": {
      "0": {
        "games": 24,
        "mean_score_a": 0.20833333333333334,
        "score_a": 5.0
      },
      "1": {
        "games": 24,
        "mean_score_a": 0.25,
        "score_a": 6.0
      }
    },
    "player_a": "flat-mc-4-v1",
    "player_b": "flat-mc-64-v1",
    "raw_residual_percentage_points": -4.180540475628817,
    "score_a": 11.0,
    "wins_a": 11,
    "wins_b": 37
  },
  "flat-mc-4-v1__random-v1": {
    "cell_deviance": 24.43935253859225,
    "draws": 0,
    "expected_mean_score_a": 0.8741641642906339,
    "expected_score_a": 41.95987988595043,
    "games": 48,
    "mean_score_a": 0.9375,
    "paired_blocks": {
      "draw_or_mixed": 0,
      "splits": 3,
      "sweeps_a": 21,
      "sweeps_b": 0
    },
    "pearson_residual": 1.3496979315874853,
    "per_seat": {
      "0": {
        "games": 24,
        "mean_score_a": 0.9166666666666666,
        "score_a": 22.0
      },
      "1": {
        "games": 24,
        "mean_score_a": 0.9583333333333334,
        "score_a": 23.0
      }
    },
    "player_a": "flat-mc-4-v1",
    "player_b": "random-v1",
    "raw_residual_percentage_points": 6.333583570936607,
    "score_a": 45.0,
    "wins_a": 45,
    "wins_b": 3
  },
  "flat-mc-4-v1__scripted-greedy-v1": {
    "cell_deviance": 50.49606497500622,
    "draws": 0,
    "expected_mean_score_a": 0.6592445861941241,
    "expected_score_a": 31.643740137317955,
    "games": 48,
    "mean_score_a": 0.5833333333333334,
    "paired_blocks": {
      "draw_or_mixed": 0,
      "splits": 18,
      "sweeps_a": 5,
      "sweeps_b": 1
    },
    "pearson_residual": -1.1616237164260041,
    "per_seat": {
      "0": {
        "games": 24,
        "mean_score_a": 0.25,
        "score_a": 6.0
      },
      "1": {
        "games": 24,
        "mean_score_a": 0.9166666666666666,
        "score_a": 22.0
      }
    },
    "player_a": "flat-mc-4-v1",
    "player_b": "scripted-greedy-v1",
    "raw_residual_percentage_points": -7.591125286079074,
    "score_a": 28.0,
    "wins_a": 28,
    "wins_b": 20
  },
  "flat-mc-64-v1__random-v1": {
    "cell_deviance": 9.764979697440053,
    "draws": 0,
    "expected_mean_score_a": 0.9525219433342068,
    "expected_score_a": 45.72105328004193,
    "games": 48,
    "mean_score_a": 0.9791666666666666,
    "paired_blocks": {
      "draw_or_mixed": 0,
      "splits": 1,
      "sweeps_a": 23,
      "sweeps_b": 0
    },
    "pearson_residual": 0.8747986755350872,
    "per_seat": {
      "0": {
        "games": 24,
        "mean_score_a": 0.9583333333333334,
        "score_a": 23.0
      },
      "1": {
        "games": 24,
        "mean_score_a": 1.0,
        "score_a": 24.0
      }
    },
    "player_a": "flat-mc-64-v1",
    "player_b": "random-v1",
    "raw_residual_percentage_points": 2.664472333245982,
    "score_a": 47.0,
    "wins_a": 47,
    "wins_b": 1
  },
  "flat-mc-64-v1__scripted-greedy-v1": {
    "cell_deviance": 38.45983041659782,
    "draws": 0,
    "expected_mean_score_a": 0.842156833379347,
    "expected_score_a": 40.423528002208656,
    "games": 48,
    "mean_score_a": 0.8541666666666666,
    "paired_blocks": {
      "draw_or_mixed": 0,
      "splits": 7,
      "sweeps_a": 17,
      "sweeps_b": 0
    },
    "pearson_residual": 0.23391106501854722,
    "per_seat": {
      "0": {
        "games": 24,
        "mean_score_a": 0.7916666666666666,
        "score_a": 19.0
      },
      "1": {
        "games": 24,
        "mean_score_a": 0.9166666666666666,
        "score_a": 22.0
      }
    },
    "player_a": "flat-mc-64-v1",
    "player_b": "scripted-greedy-v1",
    "raw_residual_percentage_points": 1.2009833287319676,
    "score_a": 41.0,
    "wins_a": 41,
    "wins_b": 7
  },
  "random-v1__scripted-greedy-v1": {
    "cell_deviance": 57.187105173532764,
    "draws": 0,
    "expected_mean_score_a": 0.2233399133266236,
    "expected_score_a": 10.720315839677932,
    "games": 48,
    "mean_score_a": 0.3541666666666667,
    "paired_blocks": {
      "draw_or_mixed": 0,
      "splits": 15,
      "sweeps_a": 1,
      "sweeps_b": 8
    },
    "pearson_residual": 2.250396142735631,
    "per_seat": {
      "0": {
        "games": 24,
        "mean_score_a": 0.125,
        "score_a": 3.0
      },
      "1": {
        "games": 24,
        "mean_score_a": 0.5833333333333334,
        "score_a": 14.0
      }
    },