{
  "c6a-newworld-s1": {
    "win_rate": 0.6925,
    "win_ci_lower": 0.6456242765711028,
    "win_rate_on_play": 0.66,
    "win_rate_on_draw": 0.725,
    "wins": 277.0,
    "wins_on_play": 132.0,
    "wins_on_draw": 145.0,
    "games_on_play": 200.0,
    "games_on_draw": 200.0,
    "landed_when_able": 0.43600616808018505,
    "cast_when_able": 0.4193787373657194,
    "passed_when_able": 0.4945594803085668,
    "attacked_when_able": 1.0,
    "mean_steps": 165.065,
    "wilson_lb_on_play": 0.5918836703220929,
    "wilson_lb_on_draw": 0.6593153404748533,
    "checkpoint": ".runs/first-light-c6a-newworld-s1-final/step_65536.pt",
    "eval_seed": 6001
  },
  "c6a-newworld-s2": {
    "win_rate": 0.7725,
    "win_ci_lower": 0.7289382239883379,
    "win_rate_on_play": 0.66,
    "win_rate_on_draw": 0.885,
    "wins": 309.0,
    "wins_on_play": 132.0,
    "wins_on_draw": 177.0,
    "games_on_play": 200.0,
    "games_on_draw": 200.0,
    "landed_when_able": 0.6394089667037749,
    "cast_when_able": 0.15762385690629988,
    "passed_when_able": 0.758496395468589,
    "attacked_when_able": 1.0,
    "mean_steps": 299.235,
    "wilson_lb_on_play": 0.5918836703220929,
    "wilson_lb_on_draw": 0.8333517476611362,
    "checkpoint": ".runs/first-light-c6a-newworld-s2-final/step_65536.pt",
    "eval_seed": 6002
  },
  "c6a-newworld-s3": {
    "win_rate": 0.735,
    "win_ci_lower": 0.6896620712769465,
    "win_rate_on_play": 0.53,
    "win_rate_on_draw": 0.94,
    "wins": 294.0,
    "wins_on_play": 106.0,
    "wins_on_draw": 188.0,
    "games_on_play": 200.0,
    "games_on_draw": 200.0,
    "landed_when_able": 0.4853501510970963,
    "cast_when_able": 0.14653130287648053,
    "passed_when_able": 0.7857968759854521,
    "attacked_when_able": 1.0,
    "mean_steps": 221.7525,
    "wilson_lb_on_play": 0.46091557335361155,
    "wilson_lb_on_draw": 0.8980673646931491,
    "checkpoint": ".runs/first-light-c6a-newworld-s3-final/step_65536.pt",
    "eval_seed": 6003
  }
}