{
  "search-16__random": {
    "hero": "search-16",
    "villain": "random",
    "hero_spec": {
      "kind": "search",
      "sims": 16
    },
    "villain_spec": {
      "kind": "random"
    },
    "metrics": {
      "num_games": 300.0,
      "wins": 275.0,
      "win_rate": 0.9166666666666666,
      "win_ci_lower": 0.8798776190248736,
      "win_ci_upper": 0.94291952264368,
      "mean_steps": 120.98666666666666,
      "draws_or_caps": 0.0,
      "games_on_play": 150.0,
      "wins_on_play": 127.0,
      "win_rate_on_play": 0.8466666666666667,
      "win_ci_lower_on_play": 0.7804188029480452,
      "win_ci_upper_on_play": 0.8956012072442565,
      "games_on_draw": 150.0,
      "wins_on_draw": 148.0,
      "win_rate_on_draw": 0.9866666666666667,
      "win_ci_lower_on_draw": 0.9526921436197237,
      "win_ci_upper_on_draw": 0.9963359476117767
    },
    "hero_search": {
      "decisions": 17712.0,
      "seconds": 128.19535927532706,
      "simulations": 806256.0,
      "cap_hits": 0.0,
      "mean_seconds_per_decision": 0.007237768703439875,
      "median_seconds_per_decision": 0.005819583544507623,
      "mean_sims_per_decision": 45.520325203252035,
      "cap_hit_rate": 0.0
    },
    "villain_search": null,
    "wall_seconds": 28.30824554094579,
    "engine_seconds": 133.47329279081896
  },
  "search-64__random": {
    "hero": "search-64",
    "villain": "random",
    "hero_spec": {
      "kind": "search",
      "sims": 64
    },
    "villain_spec": {
      "kind": "random"
    },
    "metrics": {
      "num_games": 300.0,
      "wins": 285.0,
      "win_rate": 0.95,
      "win_ci_lower": 0.9191522802928904,
      "win_ci_upper": 0.9694686327091474,
      "mean_steps": 99.58333333333333,
      "draws_or_caps": 0.0,
      "games_on_play": 150.0,
      "wins_on_play": 148.0,
      "win_rate_on_play": 0.9866666666666667,
      "win_ci_lower_on_play": 0.9526921436197237,
      "win_ci_upper_on_play": 0.9963359476117767,
      "games_on_draw": 150.0,
      "wins_on_draw": 137.0,
      "win_rate_on_draw": 0.9133333333333333,
      "win_ci_lower_on_draw": 0.8573705468757647,
      "win_ci_upper_on_draw": 0.9486533114304411
    },
    "hero_search": {
      "decisions": 15143.0,
      "seconds": 463.6479404635029,
      "simulations": 2934784.0,
      "cap_hits": 0.0,
      "mean_seconds_per_decision": 0.03061797137050141,
      "median_seconds_per_decision": 0.025137374992482364,
      "mean_sims_per_decision": 193.80466222016773,
      "cap_hit_rate": 0.0
    },
    "villain_search": null,
    "wall_seconds": 83.50975800002925,
    "engine_seconds": 468.3295773761347
  },
  "search-256__random": {
    "hero": "search-256",
    "villain": "random",
    "hero_spec": {
      "kind": "search",
      "sims": 256
    },
    "villain_spec": {
      "kind": "random"
    },
    "metrics": {
      "num_games": 300.0,
      "wins": 297.0,
      "win_rate": 0.99,
      "win_ci_lower": 0.9710159953649372,
      "win_ci_upper": 0.9965934432372819,
      "mean_steps": 98.29666666666667,
      "draws_or_caps": 0.0,
      "games_on_play": 150.0,
      "wins_on_play": 148.0,
      "win_rate_on_play": 0.9866666666666667,
      "win_ci_lower_on_play": 0.9526921436197237,
      "win_ci_upper_on_play": 0.9963359476117767,
      "games_on_draw": 150.0,
      "wins_on_draw": 149.0,
      "win_rate_on_draw": 0.9933333333333333,
      "win_ci_lower_on_draw": 0.9632062470660242,
      "win_ci_upper_on_draw": 0.9988222289768665
    },
    "hero_search": {
      "decisions": 15271.0,
      "seconds": 1728.0598944440717,
      "simulations": 11309568.0,
      "cap_hits": 0.0,
      "mean_seconds_per_decision": 0.11315957661214536,
      "median_seconds_per_decision": 0.0924519581021741,
      "mean_sims_per_decision": 740.59118590793,
      "cap_hit_rate": 0.0
    },
    "villain_search": null,
    "wall_seconds": 287.4178125000326,
    "engine_seconds": 1733.0192950398196
  },
  "search-16__c1v2-s1": {
    "hero": "search-16",
    "villain": "c1v2-s1",
    "hero_spec": {
      "kind": "search",
      "sims": 16
    },
    "villain_spec": {
      "kind": "checkpoint",
      "path": "/Users/jack/src/manabot/.runs/first-light-c1-interactive-dev2-s1-final/step_65536.pt",
      "name": "c1v2-s1"
    },
    "metrics": {
      "num_games": 300.0,
      "wins": 278.0,
      "win_rate": 0.9266666666666666,
      "win_ci_lower": 0.8914679042010734,
      "win_ci_upper": 0.9510763688675256,
      "mean_steps": 122.66,
      "draws_or_caps": 0.0,
      "games_on_play": 150.0,
      "wins_on_play": 137.0,
      "win_rate_on_play": 0.9133333333333333,
      "win_ci_lower_on_play": 0.8573705468757647,
      "win_ci_upper_on_play": 0.9486533114304411,
      "games_on_draw": 150.0,
      "wins_on_draw": 141.0,
      "win_rate_on_draw": 0.94,
      "win_ci_lower_on_draw": 0.8899090795570952,
      "win_ci_upper_on_draw": 0.9681163179946722
    },
    "hero_search": {
      "decisions": 18750.0,
      "seconds": 145.92963945143856,
      "simulations": 852160.0,
      "cap_hits": 0.0,
      "mean_seconds_per_decision": 0.007782914104076723,
      "median_seconds_per_decision": 0.006369791517499834,
      "mean_sims_per_decision": 45.44853333333333,
      "cap_hit_rate": 0.0
    },
    "villain_search": null,
    "wall_seconds": 24.88336129207164,
    "engine_seconds": 160.05337904207408
  },
  "search-16__c1v2-s2": {
    "hero": "search-16",
    "villain": "c1v2-s2",
    "hero_spec": {
      "kind": "search",
      "sims": 16
    },
    "villain_spec": {
      "kind": "checkpoint",
      "path": "/Users/jack/src/manabot/.runs/first-light-c1-interactive-dev2-s2-final/step_65536.pt",
      "name": "c1v2-s2"
    },
    "metrics": {
      "num_games": 300.0,
      "wins": 267.0,
      "win_rate": 0.89,
      "win_ci_lower": 0.8495429318702987,
      "win_ci_upper": 0.9205951927314675,
      "mean_steps": 116.19666666666667,
      "draws_or_caps": 0.0,
      "games_on_play": 150.0,
      "wins_on_play": 138.0,
      "win_rate_on_play": 0.92,
      "win_ci_lower_on_play": 0.8653774250568133,
      "win_ci_upper_on_play": 0.9536468180607831,
      "games_on_draw": 150.0,
      "wins_on_draw": 129.0,
      "win_rate_on_draw": 0.86,
      "win_ci_lower_on_draw": 0.7954465685598426,
      "win_ci_upper_on_draw": 0.9065742112552398
    },
    "hero_search": {
      "decisions": 18053.0,
      "seconds": 143.13751353987027,
      "simulations": 841136.0,
      "cap_hits": 0.0,
      "mean_seconds_per_decision": 0.007928738355944733,
      "median_seconds_per_decision": 0.00623299996368587,
      "mean_sims_per_decision": 46.592588489447735,
      "cap_hit_rate": 0.0
    },
    "villain_search": null,
    "wall_seconds": 23.814792709075846,
    "engine_seconds": 156.87246433272958
  },
  "search-16__c1v2-s3": {
    "hero": "search-16",
    "villain": "c1v2-s3",
    "hero_spec": {
      "kind": "search",
      "sims": 16
    },
    "villain_spec": {
      "kind": "checkpoint",
      "path": "/Users/jack/src/manabot/.runs/first-light-c1-interactive-dev2-s3-final/step_65536.pt",
      "name": "c1v2-s3"
    },
    "metrics": {
      "num_games": 300.0,
      "wins": 252.0,
      "win_rate": 0.84,
      "win_ci_lower": 0.7942554091313135,
      "win_ci_upper": 0.8771470584702261,
      "mean_steps": 126.87666666666667,
      "draws_or_caps": 0.0,
      "games_on_play": 150.0,
      "wins_on_play": 131.0,
      "win_rate_on_play": 0.8733333333333333,
      "win_ci_lower_on_play": 0.8106321928453123,
      "win_ci_upper_on_play": 0.9173893565925509,
      "games_on_draw": 150.0,
      "wins_on_draw": 121.0,
      "win_rate_on_draw": 0.8066666666666666,
      "win_ci_lower_on_draw": 0.7361357242542107,
      "win_ci_upper_on_draw": 0.8618819770697485
    },
    "hero_search": {
      "decisions": 17455.0,
      "seconds": 118.55736562306993,
      "simulations": 768928.0,
      "cap_hits": 0.0,
      "mean_seconds_per_decision": 0.006792172192670864,
      "median_seconds_per_decision": 0.005706666968762875,