{
  "c2-potential-s1": {
    "win_rate": 0.6525,
    "win_ci_lower": 0.604583891419141,
    "win_rate_on_play": 0.42,
    "win_rate_on_draw": 0.885,
    "wins": 261.0,
    "wins_on_play": 84.0,
    "wins_on_draw": 177.0,
    "games_on_play": 200.0,
    "games_on_draw": 200.0,
    "landed_when_able": 0.8718871455304448,
    "cast_when_able": 0.3497969991173875,
    "passed_when_able": 0.5000782840144042,
    "attacked_when_able": 1.0,
    "mean_steps": 204.975,
    "wilson_lb_on_play": 0.3537348235017175,
    "wilson_lb_on_draw": 0.8333517476611362,
    "checkpoint": ".runs/first-light-c2-potential-s1-final/step_65536.pt",
    "eval_seed": 4001
  },
  "c2-potential-s2": {
    "win_rate": 0.75,
    "win_ci_lower": 0.7053220081939279,
    "win_rate_on_play": 0.99,
    "win_rate_on_draw": 0.51,
    "wins": 300.0,
    "wins_on_play": 198.0,
    "wins_on_draw": 102.0,
    "games_on_play": 200.0,
    "games_on_draw": 200.0,
    "landed_when_able": 0.4886379877090182,
    "cast_when_able": 0.3756878122825881,
    "passed_when_able": 0.5379184358645206,
    "attacked_when_able": 1.0,
    "mean_steps": 137.35,
    "wilson_lb_on_play": 0.9642775148038205,
    "wilson_lb_on_draw": 0.4411846327091609,
    "checkpoint": ".runs/first-light-c2-potential-s2-final/step_65536.pt",
    "eval_seed": 4002
  },
  "c2-potential-s3": {
    "win_rate": 0.6825,
    "win_ci_lower": 0.6353288943116709,
    "win_rate_on_play": 0.77,
    "win_rate_on_draw": 0.595,
    "wins": 273.0,
    "wins_on_play": 154.0,
    "wins_on_draw": 119.0,
    "games_on_play": 200.0,
    "games_on_draw": 200.0,
    "landed_when_able": 0.500525677315002,
    "cast_when_able": 0.3765565172624602,
    "passed_when_able": 0.5158173896571321,
    "attacked_when_able": 1.0,
    "mean_steps": 216.095,
    "wilson_lb_on_play": 0.70691571921803,
    "wilson_lb_on_draw": 0.5257958199999483,
    "checkpoint": ".runs/first-light-c2-potential-s3-final/step_65536.pt",
    "eval_seed": 4003
  }
}