{
  "c6a-newworld-s1": {
    "win_rate": 0.7725,
    "win_ci_lower": 0.7289382239883379,
    "win_rate_on_play": 0.75,
    "win_rate_on_draw": 0.795,
    "wins": 309.0,
    "wins_on_play": 150.0,
    "wins_on_draw": 159.0,
    "games_on_play": 200.0,
    "games_on_draw": 200.0,
    "landed_when_able": 0.4275161588180979,
    "cast_when_able": 0.4096642828764402,
    "passed_when_able": 0.49722829481574016,
    "attacked_when_able": 1.0,
    "mean_steps": 164.6475,
    "wilson_lb_on_play": 0.6856577652038048,
    "wilson_lb_on_draw": 0.7337418048192546,
    "checkpoint": ".runs/first-light-c6a-newworld-s1-final/step_65536.pt",
    "eval_seed": 6001
  },
  "c6a-newworld-s2": {
    "win_rate": 0.7025,
    "win_ci_lower": 0.6559441809772918,
    "win_rate_on_play": 0.735,
    "win_rate_on_draw": 0.67,
    "wins": 281.0,
    "wins_on_play": 147.0,
    "wins_on_draw": 134.0,
    "games_on_play": 200.0,
    "games_on_draw": 200.0,
    "landed_when_able": 0.6002416918429003,
    "cast_when_able": 0.17283924799765785,
    "passed_when_able": 0.7421165464821672,
    "attacked_when_able": 1.0,
    "mean_steps": 240.29,
    "wilson_lb_on_play": 0.6698229773344889,
    "wilson_lb_on_draw": 0.602165564130804,
    "checkpoint": ".runs/first-light-c6a-newworld-s2-final/step_65536.pt",
    "eval_seed": 6002
  },
  "c6a-newworld-s3": {
    "win_rate": 0.665,
    "win_ci_lower": 0.6173691278572266,
    "win_rate_on_play": 0.695,
    "win_rate_on_draw": 0.635,
    "wins": 266.0,
    "wins_on_play": 139.0,
    "wins_on_draw": 127.0,
    "games_on_play": 200.0,
    "games_on_draw": 200.0,
    "landed_when_able": 0.49601328903654485,
    "cast_when_able": 0.0993856576907619,
    "passed_when_able": 0.8430290182258686,
    "attacked_when_able": 1.0,
    "mean_steps": 286.365,
    "wilson_lb_on_play": 0.6280132012185454,
    "wilson_lb_on_draw": 0.5663157405897017,
    "checkpoint": ".runs/first-light-c6a-newworld-s3-final/step_65536.pt",
    "eval_seed": 6003
  }
}