{
  "schema_version": 1,
  "experiment": "int-4-visit-teacher-iteration-v1",
  "profile": "smoke",
  "evidence_class": "engineering_smoke_non_admission",
  "status": "completed",
  "verdict": "revise",
  "diagnosis": "engineering_smoke_only_no_admission_claim",
  "finished_at": "2026-07-17T14:32:00.795826+00:00",
  "contract_sha256": "964fb9a3f12e0c9c6dcb8c29da37b3bbe8db52a88122aa0d998c7de97a9c8e89",
  "profile_sha256": "88181734b699253374b9d99c74e278f42c8dff8de5f85ac81fb65ca1fb39a8e4",
  "runtime": {
    "iteration_source_sha256": "cfbce685f7a1f6dd3e5e6bf10e021a7d30520bf0dcbb36cf9826adc5e67b720b",
    "engine_source_sha256": "dbbb55308a3abdbb9b18e9955ebcc7fe69c8ae003f68b2e99643475a42c8c294",
    "engine_extension_sha256": "d9408302ca4faaf60c8e73530166b1fdb718a88a55569c1169788d01bcadce47",
    "observation_abi_sha256": "d7da94347d956dd492039d55a10291bcdc1b2605e59f67dfe7af66d3fbbbaaa5",
    "action_abi_sha256": "9f1290e4db495c9a299df0bbf06f19fd02cf1eabc62b435f8b029ddd5f6257b2",
    "experience_protocol_sha256": "45ee9d0e7e0d7571510fe910ce6ecfa86db42f667efd12c01fea585aec940b3c",
    "study_schema_sha256": "ff8d9a97830e77e1099e6aa1992af4afed5b3bc81e4dd2085592490ffa3a997c"
  },
  "teacher": {
    "4": {
      "games": 2,
      "decisions": 105,
      "win_rate_vs_random": 1.0,
      "p50_decision_ms": 3.4055409487336874,
      "p95_decision_ms": 7.0612336974591,
      "labels_per_second": 275.7247972237392,
      "traversals_per_second": 1102.8991888949568,
      "mean_max_depth": 1.276190476190476,
      "max_depth": 2,
      "cap_hits": 0
    },
    "8": {
      "games": 2,
      "decisions": 100,
      "win_rate_vs_random": 0.5,
      "p50_decision_ms": 6.780729396268725,
      "p95_decision_ms": 15.340037818532435,
      "labels_per_second": 134.51292211420235,
      "traversals_per_second": 1076.1033769136188,
      "mean_max_depth": 2.07,
      "max_depth": 3,
      "cap_hits": 0
    }
  },
  "dataset": {
    "games": 4,
    "decisions": 507,
    "audit_games": 1,
    "audit_decisions": 175,
    "audit_sha256": "ae03c3bda06bdd65b090fefcaf1e23bb717c6f6566cc08731092c7911770f14f",
    "learner_audit_mismatches": 0,
    "integrity_passed": true,
    "exact_replay_passed": true,
    "sampled_search_roots": 1,
    "frame_mismatches": 0,
    "command_mismatches": 0,
    "outcome_mismatches": 0,
    "opponent_private_cards_exposed": 0,
    "search_action_mismatches": 0,
    "search_visit_mismatches": 0,
    "search_q_mismatches": 0,
    "search_value_mismatches": 0,
    "search_world_mismatches": 0,
    "search_metadata_mismatches": 0
  },
  "training": {
    "seed": 197,
    "initialization_sha256": "b3566276af0b2c14934c358bc4dd41d55e6f93bc1ba9d8ecf84e72c791b7ea6f",
    "arms": {
      "chosen_policy_only": {
        "policy_loss": 0.9039575387765696,
        "policy_kl": 0.9039575387765696,
        "root_value_brier": 0.10551996488828917,
        "checkpoint_sha256": "bc369cb83b070865efda411c8a70d53a21983b8965fb7c6d8b30c604fdbdec48"
      },
      "chosen_policy_value": {
        "policy_loss": 0.904521014239337,
        "policy_kl": 0.904521014239337,
        "root_value_brier": 0.09906034211854677,
        "checkpoint_sha256": "734fdffb0a879c4eca5b1c47ea1f2ce2d5cf2f8b475f5b1739c57bed1bb91a5e"
      },
      "visit_policy_only": {
        "policy_loss": 0.9063879477011191,
        "policy_kl": 0.14299636703353744,
        "root_value_brier": 0.1054549517932239,
        "checkpoint_sha256": "d8b726cc85660c774e70699f9da84dc11bc62f8eaea90396a4b7d905898760bc"
      },
      "visit_policy_value": {
        "policy_loss": 0.9065961408185529,
        "policy_kl": 0.14320456015097127,
        "root_value_brier": 0.0990035426509273,
        "checkpoint_sha256": "09d89c02e770b1a2a99361a8fd44922b3ce2bc208e9d53ea7f618d48adc1e4a6"
      }
    }
  },
  "arena": {
    "games_per_cell": 2,
    "training_seed": 197,
    "hero_win_rates": {
      "teacher-vs-policy-only": 1.0,
      "teacher-vs-student": 0.5,
      "teacher-vs-student+search": 1.0,
      "policy-only-vs-student": 0.5,
      "policy-only-vs-student+search": 1.0,
      "student-vs-student+search": 1.0,
      "visit_policy_only-vs-chosen_policy_only": 0.5,
      "visit_policy_value-vs-chosen_policy_value": 0.5
    },
    "interpretable_as_strength": false
  },
  "study": {
    "artifact_sha256": "78c85d0c0d8e91c1935f0276eb6a18029bfe459d6ab1b8a1247194b069aa2f85",
    "python_validation": true,
    "rust_validation": true,
    "opponent_private_material": false
  },
  "stage_wall_seconds": {
    "teacher": 1.3753324581775814,
    "dataset": 5.890269082970917,
    "training": 2.045774416066706,
    "arena": 16.574374916031957,
    "study": 0.3133689172100276
  },
  "verification": {
    "verified": true,
    "verified_at": "2026-07-17T14:32:15.868039+00:00"
  },
  "limitations": [
    "one training seed and two games per arena cell; no strength or method claim",
    "frozen Teacher-0 incumbent bytes are not available in this worktree",
    "competency, matched-latency, isolated RSS, and core-hour cells remain",
    "teacher timing was not measured in an isolated child process"
  ]
}
