{
  "schema_version": 1,
  "experiment": "int-4-visit-teacher-iteration-v1",
  "profile": "smoke",
  "evidence_class": "engineering_smoke_non_admission",
  "status": "completed",
  "verdict": "revise",
  "diagnosis": "engineering_smoke_only_no_admission_claim",
  "finished_at": "2026-07-17T14:54:10.675737+00:00",
  "contract_sha256": "320a050e58bff5644a71cc6b3c1f42efbccb608e7e8af0c55ca66f9bc67a6f02",
  "profile_sha256": "88181734b699253374b9d99c74e278f42c8dff8de5f85ac81fb65ca1fb39a8e4",
  "runtime": {
    "iteration_source_sha256": "14a3c5ff6594ad3c354abd06a9e888a3ad2c2d6e2d741db8954efa4f68c89dea",
    "engine_source_sha256": "f63409e13d33d35049611560ede05cab9915406b388aa4c913a8084224114a49",
    "engine_extension_sha256": "890fe39524a32629cf6610c2088607dca66e884abef0ccdece8f556fe9a5466d",
    "observation_abi_sha256": "d7da94347d956dd492039d55a10291bcdc1b2605e59f67dfe7af66d3fbbbaaa5",
    "action_abi_sha256": "9f1290e4db495c9a299df0bbf06f19fd02cf1eabc62b435f8b029ddd5f6257b2",
    "experience_protocol_sha256": "45ee9d0e7e0d7571510fe910ce6ecfa86db42f667efd12c01fea585aec940b3c",
    "study_schema_sha256": "ff8d9a97830e77e1099e6aa1992af4afed5b3bc81e4dd2085592490ffa3a997c"
  },
  "teacher": {
    "4": {
      "games": 2,
      "decisions": 105,
      "win_rate_vs_random": 1.0,
      "p50_decision_ms": 1.5759591478854418,
      "p95_decision_ms": 3.2375167589634657,
      "labels_per_second": 572.0990040141949,
      "traversals_per_second": 2288.3960160567794,
      "mean_max_depth": 1.276190476190476,
      "max_depth": 2,
      "cap_hits": 0
    },
    "8": {
      "games": 2,
      "decisions": 100,
      "win_rate_vs_random": 0.5,
      "p50_decision_ms": 3.366770572029054,
      "p95_decision_ms": 6.0679035959765315,
      "labels_per_second": 285.14782987358456,
      "traversals_per_second": 2281.1826389886764,
      "mean_max_depth": 2.07,
      "max_depth": 3,
      "cap_hits": 0
    }
  },
  "dataset": {
    "games": 4,
    "decisions": 507,
    "audit_games": 1,
    "audit_decisions": 175,
    "audit_sha256": "ae03c3bda06bdd65b090fefcaf1e23bb717c6f6566cc08731092c7911770f14f",
    "learner_audit_mismatches": 0,
    "integrity_passed": true,
    "exact_replay_passed": true,
    "sampled_search_roots": 1,
    "frame_mismatches": 0,
    "command_mismatches": 0,
    "outcome_mismatches": 0,
    "opponent_private_cards_exposed": 0,
    "search_action_mismatches": 0,
    "search_visit_mismatches": 0,
    "search_q_mismatches": 0,
    "search_value_mismatches": 0,
    "search_world_mismatches": 0,
    "search_metadata_mismatches": 0
  },
  "training": {
    "seed": 197,
    "initialization_sha256": "b3566276af0b2c14934c358bc4dd41d55e6f93bc1ba9d8ecf84e72c791b7ea6f",
    "arms": {
      "chosen_policy_only": {
        "policy_loss": 0.9039575387765696,
        "policy_kl": 0.9039575387765696,
        "root_value_brier": 0.10551996488828917,
        "checkpoint_sha256": "1b61facec11f5a435895d0b42f033292a3f56f4162938be81dac803400a347d6"
      },
      "chosen_policy_value": {
        "policy_loss": 0.904521014239337,
        "policy_kl": 0.904521014239337,
        "root_value_brier": 0.09906034211854677,
        "checkpoint_sha256": "e19ba57cfdb2c06f0ea2c65e0cf1e13a1e17a9c4b536d3692cc49bc062cfd7d9"
      },
      "visit_policy_only": {
        "policy_loss": 0.9063879477011191,
        "policy_kl": 0.14299636703353744,
        "root_value_brier": 0.1054549517932239,
        "checkpoint_sha256": "7691f0a0ce4f5d1caf9622a3a6a559673b5d9cad84d681b9c75db27bd99cdbb7"
      },
      "visit_policy_value": {
        "policy_loss": 0.9065961408185529,
        "policy_kl": 0.14320456015097127,
        "root_value_brier": 0.0990035426509273,
        "checkpoint_sha256": "71ee0adaea7efbafa2cbb173fae45716a9176762d79015087dd99ea7a0f4a493"
      }
    }
  },
  "arena": {
    "games_per_cell": 2,
    "training_seed": 197,
    "hero_win_rates": {
      "teacher-vs-policy-only": 1.0,
      "teacher-vs-student": 0.5,
      "teacher-vs-student+search": 1.0,
      "policy-only-vs-student": 0.5,
      "policy-only-vs-student+search": 1.0,
      "student-vs-student+search": 1.0,
      "visit_policy_only-vs-chosen_policy_only": 0.5,
      "visit_policy_value-vs-chosen_policy_value": 0.5
    },
    "interpretable_as_strength": false
  },
  "study": {
    "artifact_sha256": "2c0d3fd3bed94ea349dde3797478f47f5de963dd3a1e4082acd6d2a294ea7f49",
    "python_validation": true,
    "rust_validation": true,
    "opponent_private_material": false
  },
  "stage_wall_seconds": {
    "teacher": 0.6472521249670535,
    "dataset": 3.189153332961723,
    "training": 0.885254749795422,
    "arena": 8.972617082996294,
    "study": 0.34723570803180337
  },
  "verification": {
    "verified": true,
    "verified_at": "2026-07-17T14:54:16.274195+00:00"
  },
  "limitations": [
    "one training seed and two games per arena cell; no strength or method claim",
    "frozen Teacher-0 incumbent bytes are not available in this worktree",
    "competency, matched-latency, isolated RSS, and core-hour cells remain",
    "teacher timing was not measured in an isolated child process"
  ]
}
