{
  "schema_version": 1,
  "experiment": "int-4-visit-teacher-iteration-v1",
  "profile": "smoke",
  "evidence_class": "engineering_smoke_non_admission",
  "status": "completed",
  "verdict": "revise",
  "diagnosis": "engineering_smoke_only_no_admission_claim",
  "finished_at": "2026-07-17T16:49:56.016128+00:00",
  "contract_sha256": "d704d8f58d09aca78df3fb95bb3ea63dad5f558cd0b6e470880888e446b9413a",
  "profile_sha256": "88181734b699253374b9d99c74e278f42c8dff8de5f85ac81fb65ca1fb39a8e4",
  "runtime": {
    "iteration_source_sha256": "14a3c5ff6594ad3c354abd06a9e888a3ad2c2d6e2d741db8954efa4f68c89dea",
    "engine_source_sha256": "b06079570640efef11c0833f199399f9dbd9cb05cc53aa01cbf76f5cad17dcd0",
    "engine_extension_sha256": "890fe39524a32629cf6610c2088607dca66e884abef0ccdece8f556fe9a5466d",
    "observation_abi_sha256": "d7da94347d956dd492039d55a10291bcdc1b2605e59f67dfe7af66d3fbbbaaa5",
    "action_abi_sha256": "9f1290e4db495c9a299df0bbf06f19fd02cf1eabc62b435f8b029ddd5f6257b2",
    "experience_protocol_sha256": "45ee9d0e7e0d7571510fe910ce6ecfa86db42f667efd12c01fea585aec940b3c",
    "study_schema_sha256": "ff8d9a97830e77e1099e6aa1992af4afed5b3bc81e4dd2085592490ffa3a997c"
  },
  "teacher": {
    "4": {
      "games": 2,
      "decisions": 105,
      "win_rate_vs_random": 1.0,
      "p50_decision_ms": 1.6137089114636183,
      "p95_decision_ms": 3.4416830167174335,
      "labels_per_second": 561.3351131242912,
      "traversals_per_second": 2245.3404524971647,
      "mean_max_depth": 1.276190476190476,
      "max_depth": 2,
      "cap_hits": 0
    },
    "8": {
      "games": 2,
      "decisions": 100,
      "win_rate_vs_random": 0.5,
      "p50_decision_ms": 3.4904583590105176,
      "p95_decision_ms": 6.021163146942853,
      "labels_per_second": 279.69605628579353,
      "traversals_per_second": 2237.5684502863483,
      "mean_max_depth": 2.07,
      "max_depth": 3,
      "cap_hits": 0
    }
  },
  "dataset": {
    "games": 4,
    "decisions": 507,
    "audit_games": 1,
    "audit_decisions": 175,
    "audit_sha256": "ae03c3bda06bdd65b090fefcaf1e23bb717c6f6566cc08731092c7911770f14f",
    "learner_audit_mismatches": 0,
    "integrity_passed": true,
    "exact_replay_passed": true,
    "sampled_search_roots": 1,
    "frame_mismatches": 0,
    "command_mismatches": 0,
    "outcome_mismatches": 0,
    "opponent_private_cards_exposed": 0,
    "search_action_mismatches": 0,
    "search_visit_mismatches": 0,
    "search_q_mismatches": 0,
    "search_value_mismatches": 0,
    "search_world_mismatches": 0,
    "search_metadata_mismatches": 0
  },
  "training": {
    "seed": 197,
    "initialization_sha256": "b3566276af0b2c14934c358bc4dd41d55e6f93bc1ba9d8ecf84e72c791b7ea6f",
    "arms": {
      "chosen_policy_only": {
        "policy_loss": 0.9039575387765696,
        "policy_kl": 0.9039575387765696,
        "root_value_brier": 0.10551996488828917,
        "checkpoint_sha256": "d0b992c437dabff9c30fc4f6cc58706a983b06fd37ba7645654287764cb39cdd"
      },
      "chosen_policy_value": {
        "policy_loss": 0.904521014239337,
        "policy_kl": 0.904521014239337,
        "root_value_brier": 0.09906034211854677,
        "checkpoint_sha256": "48b286244df5cdd457a4a90fb3340c67549950b03c85119192b11609ad3a9aba"
      },
      "visit_policy_only": {
        "policy_loss": 0.9063879477011191,
        "policy_kl": 0.14299636703353744,
        "root_value_brier": 0.1054549517932239,
        "checkpoint_sha256": "8ed73fafdd1cf41bfb8a6283b11f4fe4e7ac0aeb041c51c2584307f866792919"
      },
      "visit_policy_value": {
        "policy_loss": 0.9065961408185529,
        "policy_kl": 0.14320456015097127,
        "root_value_brier": 0.0990035426509273,
        "checkpoint_sha256": "8cf9409c9ce73a219916f8965fabf5258234a26b677225e12fdf5c3720885cc3"
      }
    }
  },
  "arena": {
    "games_per_cell": 2,
    "training_seed": 197,
    "hero_win_rates": {
      "teacher-vs-policy-only": 1.0,
      "teacher-vs-student": 0.5,
      "teacher-vs-student+search": 1.0,
      "policy-only-vs-student": 0.5,
      "policy-only-vs-student+search": 1.0,
      "student-vs-student+search": 1.0,
      "visit_policy_only-vs-chosen_policy_only": 0.5,
      "visit_policy_value-vs-chosen_policy_value": 0.5
    },
    "interpretable_as_strength": false
  },
  "study": {
    "artifact_sha256": "33fa40dbd97baf423d12616bb8ec2c15477f7ec0d9b84719dafbe3b85efb13b5",
    "python_validation": true,
    "rust_validation": true,
    "opponent_private_material": false
  },
  "stage_wall_seconds": {
    "teacher": 0.6616755828727037,
    "dataset": 3.239623249974102,
    "training": 1.1102557082194835,
    "arena": 8.713649583049119,
    "study": 0.3088116659782827
  },
  "verification": {
    "verified": true,
    "verified_at": "2026-07-17T16:50:01.815474+00:00"
  },
  "limitations": [
    "one training seed and two games per arena cell; no strength or method claim",
    "frozen Teacher-0 incumbent bytes are not available in this worktree",
    "competency, matched-latency, isolated RSS, and core-hour cells remain",
    "teacher timing was not measured in an isolated child process"
  ]
}
