{
  "aggro_mirror__search-64": {
    "games": 300,
    "wins": 147,
    "win_rate": 0.49,
    "ci_lower": 0.4339160336425692,
    "ci_upper": 0.5463368349573855,
    "win_rate_on_play": 0.26666666666666666,
    "win_rate_on_draw": 0.7133333333333334,
    "mean_turns": 24.45,
    "draws_or_caps": 0,
    "behavior": {
      "counter_windows": 0,
      "counter_casts": 0,
      "counter_cast_rate_per_window": null,
      "counter_first_window_rate": null,
      "countered_mv_mean": null,
      "countered_mv_le2_share": null,
      "countered_names": {},
      "bolt_casts": 0,
      "bolt_biggest_rate_multi": null,
      "bolt_face_share": null,
      "bolt_own_share": null,
      "hold_windows": 0,
      "hold_breaks": 0,
      "instant_holding_rate": null
    },
    "wall_seconds": 455.9751324589597
  },
  "control_mirror__search-64": {
    "games": 300,
    "wins": 155,
    "win_rate": 0.5166666666666667,
    "ci_lower": 0.46026528666991656,
    "ci_upper": 0.5726465989968257,
    "win_rate_on_play": 0.6066666666666667,
    "win_rate_on_draw": 0.4266666666666667,
    "mean_turns": 33.50333333333333,
    "draws_or_caps": 0,
    "behavior": {
      "counter_windows": 1817,
      "counter_casts": 1124,
      "counter_cast_rate_per_window": 0.6186020913593836,
      "counter_first_window_rate": 0.16903914590747332,
      "countered_mv_mean": 1.7001779359430604,
      "countered_mv_le2_share": 0.7215302491103203,
      "countered_names": {
        "Ancestral Recall": 142,
        "Counterspell": 161,
        "Lightning Bolt": 508,
        "Wind Drake": 313
      },
      "bolt_casts": 1454,
      "bolt_biggest_rate_multi": 0.9230769230769231,
      "bolt_face_share": 0.6836313617606602,
      "bolt_own_share": 0.006189821182943604,
      "hold_windows": 718,
      "hold_breaks": 293,
      "instant_holding_rate": 0.5919220055710306
    },
    "wall_seconds": 416.37788433302194
  },
  "control_vs_aggro__random": {
    "games": 300,
    "wins": 11,
    "win_rate": 0.03666666666666667,
    "ci_lower": 0.020595091468180667,
    "ci_upper": 0.06445448699638771,
    "win_rate_on_play": 0.02666666666666667,
    "win_rate_on_draw": 0.04666666666666667,
    "mean_turns": 26.05,
    "draws_or_caps": 0,
    "behavior": {
      "counter_windows": 1456,
      "counter_casts": 827,
      "counter_cast_rate_per_window": 0.5679945054945055,
      "counter_first_window_rate": 0.21281741233373638,
      "countered_mv_mean": 1.9298669891172915,
      "countered_mv_le2_share": 0.5513905683192262,
      "countered_names": {
        "Ancestral Recall": 65,
        "Counterspell": 27,
        "Gray Ogre": 122,
        "Lightning Bolt": 227,
        "Raging Goblin": 137,
        "Wind Drake": 249
      },
      "bolt_casts": 1157,
      "bolt_biggest_rate_multi": 0.38741258741258744,
      "bolt_face_share": 0.23336214347450301,
      "bolt_own_share": 0.09161624891961971,
      "hold_windows": 738,
      "hold_breaks": 318,
      "instant_holding_rate": 0.5691056910569106
    },
    "wall_seconds": 2.6007314170710742
  },
  "control_vs_aggro__search-16": {
    "games": 300,
    "wins": 118,
    "win_rate": 0.3933333333333333,
    "ci_lower": 0.3397381566402702,
    "ci_upper": 0.44962577509258,
    "win_rate_on_play": 0.17333333333333334,
    "win_rate_on_draw": 0.6133333333333333,
    "mean_turns": 21.606666666666666,
    "draws_or_caps": 0,
    "behavior": {
      "counter_windows": 1112,
      "counter_casts": 827,
      "counter_cast_rate_per_window": 0.7437050359712231,
      "counter_first_window_rate": 0.28053204353083433,
      "countered_mv_mean": 2.142684401451028,
      "countered_mv_le2_share": 0.44135429262394194,
      "countered_names": {
        "Ancestral Recall": 4,
        "Counterspell": 21,
        "Gray Ogre": 277,
        "Lightning Bolt": 94,
        "Raging Goblin": 246,
        "Wind Drake": 185
      },
      "bolt_casts": 1030,
      "bolt_biggest_rate_multi": 0.34448818897637795,
      "bolt_face_share": 0.45436893203883494,
      "bolt_own_share": 0.002912621359223301,
      "hold_windows": 408,
      "hold_breaks": 245,
      "instant_holding_rate": 0.39950980392156865
    },
    "wall_seconds": 54.612443041056395
  },
  "control_vs_aggro__search-64": {
    "games": 300,
    "wins": 189,
    "win_rate": 0.63,
    "ci_lower": 0.574043509355098,
    "ci_upper": 0.6826691988454907,
    "win_rate_on_play": 0.6066666666666667,
    "win_rate_on_draw": 0.6533333333333333,
    "mean_turns": 20.283333333333335,
    "draws_or_caps": 0,
    "behavior": {
      "counter_windows": 871,
      "counter_casts": 476,
      "counter_cast_rate_per_window": 0.5464982778415615,
      "counter_first_window_rate": 0.2815126050420168,
      "countered_mv_mean": 2.2668067226890756,
      "countered_mv_le2_share": 0.37815126050420167,
      "countered_names": {
        "Ancestral Recall": 6,
        "Counterspell": 11,
        "Gray Ogre": 133,
        "Lightning Bolt": 49,
        "Raging Goblin": 114,
        "Wind Drake": 163
      },
      "bolt_casts": 1192,
      "bolt_biggest_rate_multi": 0.6049382716049383,
      "bolt_face_share": 0.49161073825503354,
      "bolt_own_share": 0.0008389261744966443,
      "hold_windows": 555,
      "hold_breaks": 337,
      "instant_holding_rate": 0.3927927927927928
    },
    "wall_seconds": 218.87622187496163
  },
  "control_vs_aggro__search-256": {
    "games": 300,
    "wins": 159,
    "win_rate": 0.53,
    "ci_lower": 0.4734992013687009,
    "ci_upper": 0.585742192831435,
    "win_rate_on_play": 0.4666666666666667,
    "win_rate_on_draw": 0.5933333333333334,
    "mean_turns": 22.89,
    "draws_or_caps": 0,
    "behavior": {
      "counter_windows": 1131,
      "counter_casts": 659,
      "counter_cast_rate_per_window": 0.5826702033598585,
      "counter_first_window_rate": 0.2867981790591806,
      "countered_mv_mean": 2.2943854324734447,
      "countered_mv_le2_share": 0.3626707132018209,
      "countered_names": {
        "Ancestral Recall": 13,
        "Counterspell": 13,
        "Gray Ogre": 278,
        "Lightning Bolt": 35,
        "Raging Goblin": 178,
        "Wind Drake": 142
      },
      "bolt_casts": 1156,
      "bolt_biggest_rate_multi": 0.6926503340757239,
      "bolt_face_share": 0.5614186851211073,
      "bolt_own_share": 0.0,
      "hold_windows": 760,
      "hold_breaks": 454,
      "instant_holding_rate": 0.40263157894736845
    },
    "wall_seconds": 1152.3601654580561
  }
}