{
  "c1v2-s1": {
    "win_rate": 0.5575,
    "win_ci_lower": 0.5085070928349433,
    "win_rate_on_play": 0.655,
    "win_rate_on_draw": 0.46,
    "wins": 223.0,
    "wins_on_play": 131.0,
    "wins_on_draw": 92.0,
    "games_on_play": 200.0,
    "games_on_draw": 200.0,
    "landed_when_able": 0.5628360635238214,
    "cast_when_able": 0.8797960030836743,
    "passed_when_able": 0.11359156543662617,
    "attacked_when_able": 1.0,
    "mean_steps": 175.1925,
    "wilson_lb_on_play": 0.5867546071792236,
    "wilson_lb_on_draw": 0.3923293114096125,
    "checkpoint": "/Users/jack/src/manabot/.runs/first-light-c1-interactive-dev2-s1-final/step_65536.pt",
    "eval_seed": 2001
  },
  "c1v2-s2": {
    "win_rate": 0.4325,
    "win_ci_lower": 0.38481788076603707,
    "win_rate_on_play": 0.615,
    "win_rate_on_draw": 0.25,
    "wins": 173.0,
    "wins_on_play": 123.0,
    "wins_on_draw": 50.0,
    "games_on_play": 200.0,
    "games_on_draw": 200.0,
    "landed_when_able": 0.576045875146618,
    "cast_when_able": 0.9503472222222222,
    "passed_when_able": 0.046117559431444355,
    "attacked_when_able": 1.0,
    "mean_steps": 149.5075,
    "wilson_lb_on_play": 0.5459973878179245,
    "wilson_lb_on_draw": 0.19508076816296527,
    "checkpoint": "/Users/jack/src/manabot/.runs/first-light-c1-interactive-dev2-s2-final/step_65536.pt",
    "eval_seed": 2002
  },
  "c1v2-s3": {
    "win_rate": 0.5825,
    "win_ci_lower": 0.5336108347956647,
    "win_rate_on_play": 0.185,
    "win_rate_on_draw": 0.98,
    "wins": 233.0,
    "wins_on_play": 37.0,
    "wins_on_draw": 196.0,
    "games_on_play": 200.0,
    "games_on_draw": 200.0,
    "landed_when_able": 0.5184879157198926,
    "cast_when_able": 0.49516507409738514,
    "passed_when_able": 0.41146595506585176,
    "attacked_when_able": 1.0,
    "mean_steps": 148.855,
    "wilson_lb_on_play": 0.1373011632273606,
    "wilson_lb_on_draw": 0.9497121344948062,
    "checkpoint": "/Users/jack/src/manabot/.runs/first-light-c1-interactive-dev2-s3-final/step_65536.pt",
    "eval_seed": 2003
  }
}